seed	L2_zero_value	automatic_value	difference
2876	0.01910828025477707	0.11464968152866242	0.09554140127388536
7883	0.03343949044585987	0.12579617834394904	0.09235668789808918
4089	0.03980891719745223	0.07961783439490445	0.03980891719745223
8828	0.04617834394904458	0.15605095541401273	0.10987261146496816
9401	0.025477707006369428	0.08917197452229299	0.06369426751592355
